<?xml version="1.0"?>
<cena version="0.8.1"><result judgetime="42185.9467075463"><problem title="&#x8BD5;&#x9898; 1&#x98DF;&#x5802;" filename="" status="14" hash="0" detail=""><testcase status="14" exitcode="0" detail="" time="0" memory="0" score="0"/><testcase status="14" exitcode="0" detail="" time="0" memory="0" score="0"/><testcase status="14" exitcode="0" detail="" time="0" memory="0" score="0"/><testcase status="14" exitcode="0" detail="" time="0" memory="0" score="0"/><testcase status="14" exitcode="0" detail="" time="0" memory="0" score="0"/></problem><problem title="&#x8BD5;&#x9898; 2&#x5F00;&#x9501;" filename="lock.cpp" status="1" hash="2135855864" detail=""><testcase status="7" exitcode="0" detail="" time="0" memory="23716" score="10"/><testcase status="7" exitcode="0" detail="" time="0" memory="23712" score="10"/><testcase status="7" exitcode="0" detail="" time="0" memory="23712" score="10"/><testcase status="7" exitcode="0" detail="" time="0" memory="23712" score="10"/><testcase status="7" exitcode="0" detail="" time="0.01" memory="23712" score="10"/><testcase status="7" exitcode="0" detail="" time="0" memory="23716" score="10"/><testcase status="7" exitcode="0" detail="" time="0.01" memory="23712" score="10"/><testcase status="7" exitcode="0" detail="" time="0.03" memory="23716" score="10"/><testcase status="7" exitcode="0" detail="" time="0.04" memory="23712" score="10"/><testcase status="7" exitcode="0" detail="" time="0.04" memory="23712" score="10"/></problem><problem title="&#x8BD5;&#x9898; 3ACM" filename="acm.cpp" status="1" hash="4281262421" detail=""><testcase status="7" exitcode="0" detail="" time="0" memory="17844" score="20"/><testcase status="7" exitcode="0" detail="" time="0" memory="17844" score="20"/><testcase status="7" exitcode="0" detail="" time="0.06" memory="17840" score="20"/><testcase status="7" exitcode="0" detail="" time="0.15" memory="17844" score="20"/><testcase status="7" exitcode="0" detail="" time="0.21" memory="17844" score="20"/></problem><problem title="&#x8BD5;&#x9898; 4&#x7F8E;&#x7F8A;&#x7F8A;&#x5E8F;&#x5217;" filename="sequence.cpp" status="1" hash="3194638442" detail=""><testcase status="7" exitcode="0" detail="&#x6B63;&#x786E;&#xFF01;&#x662F;&#x8981;&#x8FD9;&#x4E48;&#x5F3A;&#x5927;&#xFF01;&#13;&#10;" time="0" memory="7292" score="5"/><testcase status="7" exitcode="0" detail="&#x6B63;&#x786E;&#xFF01;&#x662F;&#x8981;&#x8FD9;&#x4E48;&#x5F3A;&#x5927;&#xFF01;&#13;&#10;" time="0" memory="7292" score="5"/><testcase status="7" exitcode="0" detail="&#x6B63;&#x786E;&#xFF01;&#x662F;&#x8981;&#x8FD9;&#x4E48;&#x5F3A;&#x5927;&#xFF01;&#13;&#10;" time="0" memory="7296" score="5"/><testcase status="7" exitcode="0" detail="&#x6B63;&#x786E;&#xFF01;&#x662F;&#x8981;&#x8FD9;&#x4E48;&#x5F3A;&#x5927;&#xFF01;&#13;&#10;" time="0" memory="7292" score="5"/><testcase status="7" exitcode="0" detail="&#x6B63;&#x786E;&#xFF01;&#x662F;&#x8981;&#x8FD9;&#x4E48;&#x5F3A;&#x5927;&#xFF01;&#13;&#10;" time="0" memory="7296" score="5"/><testcase status="7" exitcode="0" detail="&#x6B63;&#x786E;&#xFF01;&#x662F;&#x8981;&#x8FD9;&#x4E48;&#x5F3A;&#x5927;&#xFF01;&#13;&#10;" time="0" memory="7296" score="5"/><testcase status="7" exitcode="0" detail="&#x6B63;&#x786E;&#xFF01;&#x662F;&#x8981;&#x8FD9;&#x4E48;&#x5F3A;&#x5927;&#xFF01;&#13;&#10;" time="0.01" memory="7296" score="5"/><testcase status="7" exitcode="0" detail="&#x6B63;&#x786E;&#xFF01;&#x662F;&#x8981;&#x8FD9;&#x4E48;&#x5F3A;&#x5927;&#xFF01;&#13;&#10;" time="0.03" memory="7292" score="5"/><testcase status="7" exitcode="0" detail="&#x6B63;&#x786E;&#xFF01;&#x662F;&#x8981;&#x8FD9;&#x4E48;&#x5F3A;&#x5927;&#xFF01;&#13;&#10;" time="0.03" memory="7296" score="5"/><testcase status="7" exitcode="0" detail="&#x6B63;&#x786E;&#xFF01;&#x662F;&#x8981;&#x8FD9;&#x4E48;&#x5F3A;&#x5927;&#xFF01;&#13;&#10;" time="0.06" memory="7296" score="5"/><testcase status="7" exitcode="0" detail="&#x6B63;&#x786E;&#xFF01;&#x662F;&#x8981;&#x8FD9;&#x4E48;&#x5F3A;&#x5927;&#xFF01;&#13;&#10;" time="0.06" memory="7296" score="5"/><testcase status="7" exitcode="0" detail="&#x6B63;&#x786E;&#xFF01;&#x662F;&#x8981;&#x8FD9;&#x4E48;&#x5F3A;&#x5927;&#xFF01;&#13;&#10;" time="0.03" memory="7292" score="5"/><testcase status="7" exitcode="0" detail="&#x6B63;&#x786E;&#xFF01;&#x662F;&#x8981;&#x8FD9;&#x4E48;&#x5F3A;&#x5927;&#xFF01;&#13;&#10;" time="0.07" memory="7292" score="5"/><testcase status="7" exitcode="0" detail="&#x6B63;&#x786E;&#xFF01;&#x662F;&#x8981;&#x8FD9;&#x4E48;&#x5F3A;&#x5927;&#xFF01;&#13;&#10;" time="0.07" memory="7292" score="5"/><testcase status="7" exitcode="0" detail="&#x6B63;&#x786E;&#xFF01;&#x662F;&#x8981;&#x8FD9;&#x4E48;&#x5F3A;&#x5927;&#xFF01;&#13;&#10;" time="0.07" memory="7292" score="5"/><testcase status="8" exitcode="0" detail="&#x901A;&#x8FC7;&#x7684;&#x9898;&#x76EE;&#x6570;&#x5E94;&#x4E3A;1695103333&#xFF0C;&#x4F46;&#x4F60;&#x7684;&#x7A0B;&#x5E8F;&#x8F93;&#x51FA;&#x7684;&#x4E3A;1092531222&#13;&#10;" time="0.1" memory="7296" score="0"/><testcase status="7" exitcode="0" detail="&#x6B63;&#x786E;&#xFF01;&#x662F;&#x8981;&#x8FD9;&#x4E48;&#x5F3A;&#x5927;&#xFF01;&#13;&#10;" time="0.12" memory="7296" score="5"/><testcase status="7" exitcode="0" detail="&#x6B63;&#x786E;&#xFF01;&#x662F;&#x8981;&#x8FD9;&#x4E48;&#x5F3A;&#x5927;&#xFF01;&#13;&#10;" time="0.12" memory="7296" score="5"/><testcase status="7" exitcode="0" detail="&#x6B63;&#x786E;&#xFF01;&#x662F;&#x8981;&#x8FD9;&#x4E48;&#x5F3A;&#x5927;&#xFF01;&#13;&#10;" time="0.12" memory="7296" score="5"/><testcase status="8" exitcode="0" detail="&#x901A;&#x8FC7;&#x7684;&#x9898;&#x76EE;&#x6570;&#x5E94;&#x4E3A;-1756813423&#xFF0C;&#x4F46;&#x4F60;&#x7684;&#x7A0B;&#x5E8F;&#x8F93;&#x51FA;&#x7684;&#x4E3A;1092518604&#13;&#10;" time="0.12" memory="7296" score="0"/></problem><problem title="&#x8BD5;&#x9898; 5&#x56FE;&#x4E66;&#x9986;" filename="library.cpp" status="1" hash="2899767102" detail=""><testcase status="8" exitcode="0" detail="&#x6807;&#x51C6;&#x8F93;&#x51FA;&#x6BD4;&#x9009;&#x624B;&#x8F93;&#x51FA;&#x957F;&#x3002;" time="0.07" memory="8076" score="0"/><testcase status="8" exitcode="0" detail="&#x6807;&#x51C6;&#x8F93;&#x51FA;&#x6BD4;&#x9009;&#x624B;&#x8F93;&#x51FA;&#x957F;&#x3002;" time="0.06" memory="8076" score="0"/><testcase status="7" exitcode="0" detail="" time="0.04" memory="8084" score="5"/><testcase status="7" exitcode="0" detail="" time="0.06" memory="8076" score="5"/><testcase status="7" exitcode="0" detail="" time="0.06" memory="8080" score="5"/><testcase status="8" exitcode="0" detail="&#x6807;&#x51C6;&#x8F93;&#x51FA;&#x6BD4;&#x9009;&#x624B;&#x8F93;&#x51FA;&#x957F;&#x3002;" time="0.06" memory="8080" score="0"/><testcase status="8" exitcode="0" detail="&#x6807;&#x51C6;&#x8F93;&#x51FA;&#x6BD4;&#x9009;&#x624B;&#x8F93;&#x51FA;&#x957F;&#x3002;" time="0.06" memory="8080" score="0"/><testcase status="7" exitcode="0" detail="" time="0.71" memory="8084" score="5"/><testcase status="7" exitcode="0" detail="" time="0.73" memory="8076" score="5"/><testcase status="7" exitcode="0" detail="" time="0.68" memory="8076" score="5"/><testcase status="8" exitcode="0" detail="&#x6807;&#x51C6;&#x8F93;&#x51FA;&#x6BD4;&#x9009;&#x624B;&#x8F93;&#x51FA;&#x957F;&#x3002;" time="0.07" memory="8080" score="0"/><testcase status="8" exitcode="0" detail="&#x6807;&#x51C6;&#x8F93;&#x51FA;&#x6BD4;&#x9009;&#x624B;&#x8F93;&#x51FA;&#x957F;&#x3002;" time="0.06" memory="8080" score="0"/><testcase status="7" exitcode="0" detail="" time="0.06" memory="8084" score="5"/><testcase status="7" exitcode="0" detail="" time="0.71" memory="8080" score="5"/><testcase status="7" exitcode="0" detail="" time="0.74" memory="8080" score="5"/><testcase status="7" exitcode="0" detail="" time="0.74" memory="8084" score="5"/><testcase status="8" exitcode="0" detail="&#x6807;&#x51C6;&#x8F93;&#x51FA;&#x6BD4;&#x9009;&#x624B;&#x8F93;&#x51FA;&#x957F;&#x3002;" time="0.06" memory="8076" score="0"/><testcase status="8" exitcode="0" detail="&#x6807;&#x51C6;&#x8F93;&#x51FA;&#x6BD4;&#x9009;&#x624B;&#x8F93;&#x51FA;&#x957F;&#x3002;" time="0.71" memory="8084" score="0"/><testcase status="8" exitcode="0" detail="&#x6807;&#x51C6;&#x8F93;&#x51FA;&#x6BD4;&#x9009;&#x624B;&#x8F93;&#x51FA;&#x957F;&#x3002;" time="0.73" memory="8084" score="0"/><testcase status="8" exitcode="0" detail="&#x6807;&#x51C6;&#x8F93;&#x51FA;&#x6BD4;&#x9009;&#x624B;&#x8F93;&#x51FA;&#x957F;&#x3002;" time="0.73" memory="8080" score="0"/></problem></result></cena>
